{"cameraMode":{"drawMode":0,"name":"Shaded","section":"Shading Mode"},"sceneLighting":false,"audioPlay":false,"sceneViewState":{"m_AlwaysRefresh":false,"showFog":true,"showSkybox":false,"showFlares":true,"showImageEffects":true,"showParticleSystems":true,"showVisualEffectGraphs":true,"m_FxEnabled":true},"in2DMode":false,"pivot":{"x":0.31419438123703005,"y":0.30715805292129519,"z":0.12258841842412949},"rotation":{"x":0.12074112892150879,"y":0.4297085702419281,"z":-0.05810634046792984,"w":0.8929850459098816},"size":0.45798152685165408,"orthographic":true}