{"cameraMode":{"drawMode":0,"name":"Shaded","section":"Shading Mode"},"sceneLighting":false,"audioPlay":false,"sceneViewState":{"m_AlwaysRefresh":false,"showFog":true,"showSkybox":false,"showFlares":true,"showImageEffects":true,"showParticleSystems":true,"showVisualEffectGraphs":true,"m_FxEnabled":true},"in2DMode":false,"pivot":{"x":-0.487547367811203,"y":1.1755136251449586,"z":-0.3955913782119751},"rotation":{"x":0.005772988311946392,"y":0.6383678913116455,"z":-0.004787669982761145,"w":0.7696970105171204},"size":2.459473133087158,"orthographic":true}