{"cameraMode":{"drawMode":0,"name":"Shaded","section":"Shading Mode"},"sceneLighting":false,"audioPlay":false,"sceneViewState":{"m_AlwaysRefresh":false,"showFog":true,"showSkybox":false,"showFlares":true,"showImageEffects":true,"showParticleSystems":true,"showVisualEffectGraphs":true,"m_FxEnabled":true},"in2DMode":false,"pivot":{"x":-0.9862725734710693,"y":0.3401634097099304,"z":-1.743996500968933},"rotation":{"x":-0.013890479691326619,"y":-0.9386869072914124,"z":0.03803079575300217,"w":-0.34245386719703677},"size":1.1660254001617432,"orthographic":false}