{"cameraMode":{"drawMode":0,"name":"Shaded","section":"Shading Mode"},"sceneLighting":false,"audioPlay":false,"sceneViewState":{"m_AlwaysRefresh":false,"showFog":true,"showSkybox":false,"showFlares":true,"showImageEffects":true,"showParticleSystems":true,"showVisualEffectGraphs":true,"m_FxEnabled":true},"in2DMode":false,"pivot":{"x":0.07602831721305847,"y":-0.01613081991672516,"z":0.005472749471664429},"rotation":{"x":0.1520542949438095,"y":0.5034881234169006,"z":-0.0905255675315857,"w":0.8456894159317017},"size":0.4888785183429718,"orthographic":true}