{"cameraMode":{"drawMode":0,"name":"Shaded","section":"Shading Mode"},"sceneLighting":true,"audioPlay":false,"sceneViewState":{"m_AlwaysRefresh":false,"showFog":true,"showSkybox":true,"showFlares":true,"showImageEffects":true,"showParticleSystems":true,"showVisualEffectGraphs":true,"m_FxEnabled":true},"in2DMode":false,"pivot":{"x":6.23240852355957,"y":12.529949188232422,"z":-17.89307403564453},"rotation":{"x":0.3520859181880951,"y":-0.030879409983754159,"z":0.011623285710811615,"w":0.9353966116905212},"size":24.117136001586915,"orthographic":true}