{"cameraMode":{"drawMode":0,"name":"Shaded","section":"Shading Mode"},"sceneLighting":true,"audioPlay":false,"sceneViewState":{"m_AlwaysRefresh":false,"showFog":true,"showSkybox":true,"showFlares":true,"showImageEffects":true,"showParticleSystems":true,"showVisualEffectGraphs":true,"m_FxEnabled":true},"in2DMode":false,"pivot":{"x":7.8947529792785648,"y":10.536017417907715,"z":35.512046813964847},"rotation":{"x":-0.0485704205930233,"y":0.02247215434908867,"z":0.001092942780815065,"w":0.9985710382461548},"size":22.606266021728517,"orthographic":false}